{"headerFileName":"\/Users\/zhang\/lsstDev\/testingData\/projectionTestingData\/DssImage-10.68470841.26902815.015.0poss2ukstu_redHeader.json","expectedWorldPt":{"x":10.684597,"y":41.269085999999994},"header":{"imagezpt":0.0,"cd1_2":-9.3721E-6,"plane_number":0,"cd1_1":-2.800598E-4,"plate_dec":0.7015981186176649,"y_pixel_size":15.0,"crpix2":-14756.5,"crpix1":-19106.5,"amd_x_coeff":[67.1251008281,-0.101831372633,165.132514254,2.19567036526E-5,4.44523835547E-5,-8.94914970884E-6,0.0,2.36854873441E-6,-3.23388431077E-8,2.37994473784E-6,-4.74888866609E-9,0.0,0.0,0.0,0.0,0.0,0.0,0.0,0.0,0.0],"EXPTIME":"EXPTIME","exptime":0.0,"bscale":1.0,"bzero":0.0,"EC":1,"radecsys":"ICRS","b_order":0.0,"plt_scale":67.2,"ppo_coeff":[-3069417.0,0.0,177500.0,0.0,3069417.0,177500.0],"cdelt1":-2.8021990452255046E-4,"cdelt2":2.796144536705413E-4,"PALOMAR_ID":"Palomar Transient Factory","dc2_2":3574.3078431265894,"IMAGEZPT":"IMAGEZPT","dc2_1":-120.87642358180733,"EQ":0,"EXTINCT":"EXTINCT","map_distortion":false,"ap":[[0.0,0.0,0.0,0.0,0.0],[0.0,0.0,0.0,0.0,0.0],[0.0,0.0,0.0,0.0,0.0],[0.0,0.0,0.0,0.0,0.0],[0.0,0.0,0.0,0.0,0.0]],"AIRMASS":"AIRMASS","naxis":2,"x_pixel_size":15.0295,"using_cd":true,"ctype2":"DEC--TAN        ","file_equinox":2000.0,"ctype1":"RA---TAN        ","naxis3":1,"cd2_1":-9.4711E-6,"plate_ra":0.2358376151757338,"cd2_2":2.794575E-4,"naxis1":891,"bp_order":0.0,"naxis2":893,"origin":"STScI\/MAST","ap_order":0.0,"bitpix":16,"crval2":41.269086,"bp":[[0.0,0.0,0.0,0.0,0.0],[0.0,0.0,0.0,0.0,0.0],[0.0,0.0,0.0,0.0,0.0],[0.0,0.0,0.0,0.0,0.0],[0.0,0.0,0.0,0.0,0.0]],"ORIGIN":"ORIGIN","SGAL":3,"extinct":0.0,"GA":2,"a_order":0.0,"airmass":0.0,"amd_y_coeff":[67.1274702648,0.0903604089494,593.72218877,6.40006015738E-5,3.035119449E-5,2.09847631581E-5,0.0,2.31644557852E-6,-1.91927507021E-8,2.36617335095E-6,-3.64902348434E-9,0.0,0.0,0.0,0.0,0.0,0.0,0.0,0.0,0.0],"a":[[0.0,0.0,0.0,0.0,0.0],[0.0,0.0,0.0,0.0,0.0],[0.0,0.0,0.0,0.0,0.0],[0.0,0.0,0.0,0.0,0.0],[0.0,0.0,0.0,0.0,0.0]],"b":[[0.0,0.0,0.0,0.0,0.0],[0.0,0.0,0.0,0.0,0.0],[0.0,0.0,0.0,0.0,0.0],[0.0,0.0,0.0,0.0,0.0],[0.0,0.0,0.0,0.0,0.0]],"dc1_1":-3566.6208933611642,"dc1_2":-119.61292029975995,"datamin":6623.0,"data_offset":14400,"crota1":0.0,"crota2":1.9207950899858435,"crval1":10.684597,"maptype":1007,"bunit":"DN","blank_value":null,"x_pixel_offset":19107.0,"y_pixel_offset":14757.0,"datamax":30178.0},"expectedImagePt":{"x":444.98367971121115,"y":445.9487044982925}}